c_dest,0
CN,79.39223076923078
ASI,67.45640084685957
US,67.37042672655812
ASI_OTH,66.76007814407814
IS,65.67240384615386
AME_N,62.81082840236685
ZA,62.25146153846154
AME,62.03445512820513
AME_C_S_OTH,51.22409763313609
AME_C_S,49.781549718574105
FOR,49.631735622421736
CA,49.16392307692307
NO,47.27030250648228
EU27_2020_FOR,46.62513213399504
CH,45.79473586654309
EFTA,45.43054820744866
UK,45.33244104732477
TR,45.16712356792144
IT,43.784804318488526
AFR,42.860097402597404
DK,42.03316455696202
LU,41.46884615384616
DE,41.416528280542984
BE,41.064747630592905
AFR_OTH,40.80809241094476
AT,40.80311346153846
SE,40.58630187681734
BR,40.39513377926422
MT,38.58832506203474
FR,37.938003241968765
RU,37.89524132730015
ES,37.883611650485435
EL,37.60711091234347
SI,37.02767020335986
WORLD,36.68636079656385
IE,36.17443649373882
EE,35.87767275097784
EUR,34.36407585859152
FI,34.09356643356643
EU27_2020,33.244656018962694
NL,33.11806694746177
PT,31.992731256085683
CZ,30.66215691285459
CY,30.16102977667494
PL,29.22564864178726
HU,28.786371082621088
EUR_OTH,28.099095441595434
HR,27.31710834896811
BG,26.535473372781063
UA,24.868228980322005
LV,24.536184926184923
DOM,24.158713076314026
SK,22.545789652825054
LT,19.964776828110157
RO,19.038789923526767
