geo,0
LU,65.6136134122288
AT,60.70957968828557
MT,59.00588198103267
IE,55.03289386562805
EA20,54.126327886910225
DK,52.883185741088184
EU27_2020,51.669028210968996
DE,46.33757073695536
FI,45.57234567901235
FR,44.48741519350215
CY,42.82249816849817
BE,39.652287807430675
IT,38.701846153846155
ES,35.70927380952381
NL,35.61908060631817
EE,32.59592105263158
SI,31.00721758241758
HR,27.043393478949035
HU,25.817425616835994
LT,25.123797545266736
SK,24.589490542244636
PL,23.810608117372826
EL,23.025489989462592
PT,22.134313186813188
LV,21.387477183833116
BG,19.108960372960375
CZ,18.630304695304694
RO,17.495756568534343
