c_dest,0
CN,1103.197846153846
ZA,1038.5431346153846
CA,860.3173653846154
AME_C_S_OTH,784.9375345167653
US,781.493037619315
BR,777.3563712374582
AME_C_S,772.5291707317073
AME,753.3546222527473
AME_N,734.1930954142014
ASI,731.0360503410964
ASI_OTH,720.3450622710624
IS,657.3999230769231
AFR,468.4190109890109
AFR_OTH,432.57010841507497
TR,340.148375613748
NO,313.94093777009505
EL,299.15174060822903
EFTA,270.147540898016
FOR,259.65986896384373
ES,252.59001643017174
UK,244.98498455033342
IT,235.8535958778064
RU,229.72210407239817
CH,219.79404309545876
EU27_2020_FOR,215.58586042183623
DK,210.7077052904901
PT,210.0336806231743
SE,207.243219666931
FR,206.83561007957562
AT,201.63741923076927
MT,201.18421836228288
UA,173.81561717352412
DE,172.97823642533936
CY,166.4571836228288
WORLD,166.09285993194624
HR,161.88774155722328
BG,158.37387204142013
IE,156.08002683363145
NL,155.9001219241853
EUR_OTH,152.4795227920228
BE,149.3655499228565
EUR,143.22164771135638
PL,141.10412541254124
EU27_2020,134.24589028726226
LU,128.79309230769232
HU,119.21772079772079
FI,119.17856254856254
CZ,116.2657142857143
SI,115.63169761273208
RO,105.83373369320738
EE,103.04072033898305
DOM,83.50862110969
LV,79.47087024087024
SK,78.02748127978217
LT,71.57716049382717
