c_dest,0
WORLD,33123469035.692307
EUR,30229472667.076923
EU27_2020,28450961847.153847
DOM,20815315425.76923
FOR,12297412884.0
EU27_2020_FOR,7628957731.461538
FR,7310896181.615385
ES,4816178612.692307
DE,4458641182.846154
IT,2582168665.3076925
PL,1184782728.1538463
AME,1003583453.0769231
NL,908879526.8461539
ASI,834998314.6923077
AT,807763340.0
EL,791303670.3846154
ASI_OTH,781958719.0769231
PT,730837754.5384616
AFR,655401956.6923077
FI,637923947.3846154
AFR_OTH,598048485.9230769
CZ,549565950.0
HR,519198098.0769231
AME_N,492915110.2307692
SE,471394885.7692308
UK,460717775.7692308
EFTA,400069409.38461536
RO,389270404.0
AME_C_S,384385966.0769231
DK,381410373.46153843
US,359906640.2307692
AME_C_S_OTH,335978385.3076923
TR,302262933.9230769
HU,242061751.23076922
BE,224901194.23076922
EUR_OTH,212739868.92307693
IE,204454541.92307693
CH,203039826.0
SK,196329643.84615386
NO,128686018.53846154
BG,122189408.84615384
EE,82166996.53846154
CA,79273777.23076923
SI,68095278.92307693
LV,68070125.53846154
LT,64494151.461538464
RU,61170631.384615384
CY,52693427.461538464
ZA,35157113.84615385
BR,31508764.153846152
MT,30012948.692307692
UA,24788879.153846152
LU,20515298.230769232
IS,17755591.53846154
CN,13128252.384615384
